{
  "type": "query",
  "is_active": false,
  "x": -98.00000000000011,
  "y": -37.333333333333314,
  "group_id": null
}