{
  "type": "compute",
  "is_active": false,
  "x": -338.7733333333334,
  "y": 381.41333333333336,
  "group_id": null
}