{
  "type": "data",
  "is_active": false,
  "x": -444.6666666666667,
  "y": -41.99999999999999,
  "group_id": null
}